BORO, CrimeRate
Manhattan,0.23868497440305458
Brooklyn,0.2987510511558951
Queens,0.19815516315588363
Bronx,0.2167992455335284
Staten Island,0.0476095657516383